,Name,sequence,label
11254,CnC2t1p1_G6,QVQLVQSGAEVKKPGASVKVSCKASGYIFTNYYIHWVRQAPGQGLEWVGWIHSLSGGTSYAQKFQGRVTLTRDAPIRTAYMELSGLGSDDTAVYYCARASVATITDFDYWGQGTLVAVSS,1
2786,QYS22918,EVQLVESGGGLVQPGGSLRLSCAASGFTFSTYAMNWVRQAPGKGLEWVGRIRSKYNNYATYYADSVKGRFTISRDDSKNTLYLQMNSLRAEDTAVYYCVRHGNFGDSYVSWFCYWGQGTLVTVSS,0
7056,AAS22208_AAR89583,SGGSISSSSYYWGWIRQPPGKGLEWIGSIYYSGSTYYNPSLKSRVTISVDTSKNQFSLKLSSVTAADTAVYYCASMTQY,0
1218,ANY91604_ANY91117,QVQLVQSGPDVKRPGATVKVSCKASGYSFSSFGISWVRQAPGQGLEWLGWISGYTGNTNYAQKFQGRVTMTTDTSTNTAYMELRSLRSDDTAIYYCARDRKQGEVVLPAASFRWFAPWGQGTLVTVSS,0
10258,C131,QVQLVQSGSEVKKPGSSVKVSCKASGGTFSSYAFSWVRQAPGQGLEWMGRIIPILALANYAQKFQGRVTITADKSTSTAYMELSSLRSEDTAVYYCARVNQAVTTPFSMDVWGQGTTVTVSS,1
6374,XEE85084_XEE85083,QVQLVQSGAEVKKPGSSVKVSCKASGGTFSNYWIDWVRQAPGQGLEWMGEILPGSGGTDYNEKFKGRVTITADESTSTAYMELSSLRSEDTAVYYCARDDYDVFAYWGQGTLVTVSS,0
13203,BD56-1530,QVQLVESGGGVVQPGRSLRLSCAASGFTFINYSMHWVRQTPGRGLEWVAVISYEGRNKYYADSVEGRFTISRDNSKNTLYLQMNSLRIEDTAIYYCARADDSGSYYYVRFSPDYWGQGTLVSVSS,1
11283,COV2-2165,EVQLVESGGGLVQPGGSLRLSCAASGLTVRSNYMTWVRQTPGKGLEWVSVIYSGGSTFYADSVKGRFTISRDNSKNTVYLQMNSLRAEDTAVYYCARDLVTYGLDVWGQGTTVTVSS,1
341,XEE90770_XEE90771,EVQLVESGGGLVQPGGSLRLSCAASGFIFNRYSMNWVRQAPGKGLEWVSYISSSSSPIYYADSVKGRFTISRDNAKNSLYLQMNSLRDEDTAVYYCASRVTLGLEFDFWGQGTLVTVSS,0
